ID,Page
1,CaBoscari-Negroamaro-Salento-IGT-2014-6-Bottles
1,Cross-Quay-Eden-Valley-Pinot-Gris-2015-12-Bottles
1,GCV-Celtic-Farm-Clare-Valley-Riesling-2013-6-Bottles
1,Mixed-Red-and-White
1,Mixed-Red-and-White
1,Mystery-94-point-Watervale-Riesling-2013-12-Bottles
1,Mystery-Mt-Barker-Riesling-2012-12-Bottles
1,Negroamaro
1,Pinot-Grigio
1,Pinto-Soave-2014-6-Bottles
1,Red-Wine
1,Riesling
1,Riesling-Superstars-6-Bottles
1,Secret-91-Point-Blackwood-Valley-Shiraz-2013-12-Bottles
1,Shiraz
1,Soave
1,Sparkling-and-Champagne
1,White-Wine
2,Grandial-Blanc-de-Blancs-Doz
2,Mix-Case-and-Spirits
2,Premium-Sparkling-varieties
2,Reds-Whites-Imported-Bubbles-and-Scotch-12-Bottles
2,Sparkling-and-Champagne
2,veuve-dalban-brut-nv-doz
2,White-Blend
3,14-For-79-Shiraz-and-Mates-Mix-14-Bottles
3,5-Star-Halliday-Winery-Mega-Bundle-14-Bottles
3,Big-House-Red-Mixed-Case-14-Bottles
3,Mixed-Red
3,Mixed-Red-and-White
3,Mixed-Red-Party-Case-12-Bottles
4,Chardonnay
4,Grenache-Shiraz
4,Grenache-Shiraz-Mataro
4,Grenache-Shiraz-Mourvedre
4,Mystery-93-Point-Adelaide-Hills-Riesling-2013-12-Bottles
4,Mystery-94-point-Watervale-Riesling-2013-12-Bottles
4,Riesling
4,Secret-91-Point-Blackwood-Valley-Shiraz-2013-12-Bottles
4,Secret-93-Point-Barossa-Valley-GSM-2013-12-Bottles
4,Secret-93-Point-Barossa-Valley-Shiraz-2013-12-Bottles
4,Secret-94-Point-Barossa-Valley-Shiraz-2011-6-Bottles
4,Secret-94-Point-McLaren-Vale-Grenache-Shiraz-2013-6-Bottles
4,Secret-95-Pt-McLaren-Vale-GSM-2013-12-Bottles
4,Secret-Adelaide-Hills-Chardonnay-2013-6
4,Shiraz
4,Shiraz-Mataro
5,Annies-Lane-Shiraz-Clare-Valley-2013-12-Bottles
5,Cabernet-Sauvignon
5,Dandelion-Pride-of-the-Fleurieu-Cabernet-2013-12-Bottles
5,Grandial-Blanc-de-Blancs-Doz
5,Hesketh-The-Protagonist-Barossa-Shiraz-2013-12-Bottles
5,Jamiesons-Run-Cabernet-Sauvignon-2012-6-Bottles
5,Red-Wine
5,Shiraz
5,Sparkling-and-Champagne
5,White-Blend
5,White-Wine
5,Zilzie-Regional-Collection-Barossa-Shiraz-2013-6-Bottles
6,5-Star-Halliday-Winery-Mega-Bundle-14-Bottles
6,Big-House-Red-Mixed-Case-14-Bottles
6,Bordeaux-Blend
6,Cabernet-Malbec
6,Cabernet-Shiraz-Merlot
6,Champagne
6,Grenache-Shiraz-Mataro
6,Malbec
6,Mixed-Case-%252B-Gift
6,Mixed-Red
6,Mystery-Barossa-Shiraz-2012-6-Bottles
6,Red-Wine
6,Shiraz
6,Shiraz-Grenache
6,Tempranillo-Grenache
7,Pinot-Grigio
7,Pinot-Gris
7,Pinot-Gris-SLASH-Pinot-Grigio
8,Cabernet-Sauvignon
8,Chardonnay
8,dArenberg-Custodian-McLaren-Vale-Grenache-2012-12-Bottles
8,Grenache
8,Lindemans-St-George-Cabernet-2012-6-Bottles-1
8,Mystery-Margaret-River-Limited-Release-Chardonnay-2012-6-Bottles
8,Pinot-Gris-SLASH-Pinot-Grigio
8,Pinot-Noir
8,Red-Wine
8,Sauvignon-Blanc-Pinot-Gris
8,White-Wine
9,Mixed-Red-and-White
9,Mixed-White
9,Mixed-White-Party-Mix-12-Bottles
9,Red-Wine
9,White-Wine
10,10-Mixed-Wines-Plus-Decanter-11-Bottles
10,11-wines-Sparkling-Free-Beer
10,6-Marlborough-SBs-with-Lanson-Champagne-7-Bottles
10,Marlborough-Sav-Blanc-Superstars-12-Bottles
10,Mixed-Case-%2B-Gift
10,Mixed-Case-and-Beer
10,Mixed-Case-and-Sparkling
10,Mixed-Red-and-White
10,Mixed-White
10,Mixed-White-Party-Mix-12-Bottles
10,Red-Wine-and-Beer-Mix-18-bottle
10,Sauvignon-Blanc
10,The-Complete-Summer-Whites-Sparkling-Mix-13-Bottles
12,Mixed-Red-and-White
12,Red-Wine
12,White-Wine
13,El-Circo-Tempranillo-2014-12-Bottles
13,Mixed-Red-and-White
13,Mystery-Mixed-Selection-12-Bottles
13,Sauvignon-Blanc-Semillon
13,Tempranillo
13,White-Wine
13,Wonderwall-Margaret-River-Sauvignon-Blanc-2014-12-Bottles
14,Byron-Harold-Wheelabout-Spencer-Road-Riesling-2014-12-Bottles
14,White-Wine
14,White-Wine
15,Big-House-Red-Mixed-Case-14-Bottles
15,Entertaining-Collection-15-Bottles
15,Mixed-case-%2B-spirits
15,Mixed-Case-and-Beer
15,Mixed-Red
15,Mixed-Red-and-White
15,Sparkling-and-Champagne
15,Summer-Entertainers-Mix-12
15,White-Wine
16,5-Star-Halliday-Winery-Mega-Bundle-14-Bottles
16,Byron-Harold-Wheelabout-Spencer-Road-Riesling-2014-12-Bottles
16,Cabernet-Sauvignon
16,Chardonnay
16,Chelwood-Tasmanian-Chardonnay-2013-Dozen_2
16,Mixed-case-%2B-spirits
16,Mixed-Red
16,Mixed-Red-and-White
16,Pinot-Grigio
16,Pinot-Gris
16,Pinot-Gris-SLASH-Pinot-Grigio
16,Pinot-Noir
16,Pure-Pinot-Noirs-12-Bottles
16,Regional-Cabernet-Mix-12-Bottles
16,Riesling
16,The-Mixed-Wine-Spirit-Dozen-for-Him-12-bottles
16,White-Wine
17,Mixed-Red-and-White
17,Red-Wine
18,/Malindi-Clare-Valley-Shiraz-2014-12-Bottles
18,/Richard-Hamilton-Mcvl-Sauv-Blanc-Sem-2014-12-Bottles
18,Biscay-Road-McLarenVale-Shiraz-2014-12-Bottles
18,Brands-Laira-Coonawarra-Chardonnay-2013-6-Bottles
18,Chardonnay
18,Mix-Case-and-Spirits
18,Reds-Whites-Imported-Bubbles-and-Scotch-12-Bottles
18,Sauvignon-Blanc-Semillon
18,Shiraz
19,/Mixed-White-Party-Mix-12-Bottles
19,/Sauv-Blanc-and-White-Blends-Value-Mix-14-Bottles
19,/White-Wine-Bargain-Box-12-Bottles
19,Mixed-White
19,White-Wine-Bargain-Box-12-Bottles
20,CaBoscari-Negroamaro-Salento-IGT-2014-6-Bottles
20,Infinitum-Primitivo-2013-6-Bottles
20,Negroamaro
20,Pinot-Gris-SLASH-Pinot-Grigio
20,Pinot-Noir
20,Red-Wine
20,Sparkling-and-Champagne
20,Sparkling-and-Champagne
20,White-Wine
21,Chardonnay-Mauzac-Chenin-Blanc
21,Grant-Burge-Batch-26-Merlot-2014-12-Bottles-2
21,Red-Wine
21,Red-Wine
21,Sieur-DArques-Aimery-Grand-Cuvee-1531-NV-6-Bottles
21,Sparkling-and-Champagne
22,Red-Wine
23,Mixed-Sparkling
23,Sparkling-and-Champagne
25,Chardonnay
25,Mixed-Red-and-White
25,Red-Wine
26,Cross-Quay-Eden-Valley-Pinot-Gris-2015-12-Bottles
26,Pinot-Grigio
26,White-Wine
27,5-Star-Halliday-Winery-Mega-Bundle-14-Bottles
27,Mixed-Red
27,Mixed-Red-and-White
27,Mixed-Red-and-White
27,Mystery-Mixed-Selection-12-Bottles
27,Red-Wine
28,Shiraz
29,Mixed-Red-and-White
29,Red-Wine
30,Riesling
31,Pinot-Gris-SLASH-Pinot-Grigio
31,White-Wine
32,Creswell-Clare-Valley-Shiraz-2014-12-Bottles
32,Red-Wine
32,Shiraz
32,Vintique-Langhorne-Creek-Shiraz-2013-12-Bottles
33,Big-House-Red-Mixed-Case-14-Bottles
33,Mixed-Case-and-Beer
33,Mixed-Red
33,Mixed-Red-and-White
33,Red-Wine-and-Beer-Mix-18-bottle
33,Sparkling-and-Champagne
34,Mix-Case-and-Spirits
34,Mixed-Case-and-Beer
34,Mixed-Red
34,Mixed-Red-and-White
34,Mixed-Red-Party-Case-12-Bottles
34,Red-Wine
34,Summer-Entertainers-Mix-12
34,Value-Red-Mix-with-Johnnie-Walker
35,/Pure-Pinot-Noirs-12-Bottles
35,/Regional-Cabernet-Mix-12-Bottles
35,/The-Mixed-Wine-Spirit-Dozen-for-Him-12-bottles
35,Cabernet-Sauvignon
35,Magnificent-Reds-Johnnie-12-Pack
35,Mixed-case-%2B-spirits
35,Mixed-Red
35,Mixed-Red-and-White
35,Mixed-Red-Party-Case-12-Bottles
35,Pinot-Noir
35,Pure-Pinot-Noirs-12-Bottles
36,Pepperjack-Barossa-Shiraz-2014-6-bottles
36,Red-Wine
36,Shiraz
37,Biscay-Road-McLarenVale-Shiraz-2014-12-Bottles
37,De-Bortoli-Family-Reserve-Shiraz-2014-12-Bottles
37,Red-Wine
37,Shiraz
39,Ashton-Gate-SA-Shiraz-Cabernet-2014-12-Bottles
39,Cabernet-Shiraz
39,Red-Wine
40,14-For-79-Shiraz-and-Mates-Mix-14-Bottles
41,/Hardys-Tintara-GSM-2013-6-Bottles
41,Byron-Harold-Tandem-WA-Cabernet-Merlot-2013-12-Bottles
41,Cabernet-Merlot
41,Creswell-Clare-Valley-Shiraz-2014-12-Bottles
41,Grenache-Shiraz-Mataro
41,Grenache-Shiraz-Mourvedre
41,Hardys-Tintara-GSM-2013-6-Bottles
41,Poulter-Pawlyk-McLaren-Vale-GSM-2013-12-Bottles
41,Secret-95-Pt-McLaren-Vale-GSM-2013-12-Bottles
41,Shiraz
42,Halliday-Super-Stars-6-Bottles
42,Mixed-Case-%2B-Gift
43,Bloombury-Tale-Semillon-Sauvignon-Blanc-2015-12-Bottles
43,Crackerjack-Sauvignon-Blanc-2015-12-Bottles
43,Mixed-Red-and-White
43,Pretty-Pure-Eden-Valley-Sauvignon-Blanc-2014-12-Bottles
43,Sauvignon-Blanc
43,Sauvignon-Blanc-Semillon
43,Semillon-Sauvignon-Blanc
43,Sparkling-and-Champagne
43,Tiny-Vineyard-Margaret-River-Semillon-Sauvignon-Blanc-2014-12-Bottles
43,White-Wine
44,/ROSEMOUNT-PINOT-GRIGIO-2010-6
44,Pinot-Grigio
44,Pinot-Grigio
44,Pinot-Gris
44,Sauvignon-Blanc
44,White-Wine
44,Worlds-End-Margaret-River-Sauvignon-Blanc-2015-12-Bottles
45,/Biscay-Road-McLarenVale-Shiraz-2014-12-Bottles
45,Biscay-Road-McLarenVale-Shiraz-2014-12-Bottles
45,Cabernet-Shiraz
45,Grant-Burge-Batch-27-Cab-Shiraz-2013-12-Bottles
45,Red-Wine
45,Shiraz
46,Red-Wine
46,Sparkling-and-Champagne
47,Mixed-Red
47,Mixed-Red-and-White
47,Red-Wine
48,Sauvignon-Blanc
48,Ti-Point-Marlborough-Sauvignon-Blanc-2014-12-Bottles
48,White-Wine
49,Biscay-Road-McLarenVale-Shiraz-2014-12-Bottles
49,Grant-Burge-Batch-28-Shiraz-2014-12-Bottles
49,Mixed-Red-and-White
49,Shiraz
49,Shiraz-Cabernet-Sauvignon
50,Cabernet-Sauvignon
50,Red-Wine
51,Mixed-Red-and-White
51,Red-Wine
52,Pinot-Noir
52,Pure-Pinot-Noirs-12-Bottles
53,Bordeaux-Blend
53,Cabernet-Sauvignon
53,Dandelion-Pride-of-the-Fleurieu-Cabernet-2013-12-Bottles
53,Red-Wine
53,Shiraz-Cabernet
53,Shiraz-Cabernet-Sauvignon
53,Shiraz-Mataro
53,Tempranillo
54,Creswell-Clare-Valley-Shiraz-2014-12-Bottles
54,Hesketh-The-Protagonist-Barossa-Shiraz-2013-12-Bottles
54,Penfolds-Koonunga-Hill-Shiraz-2013-Dozen
54,Red-Wine
54,Shiraz
55,Sparkling-and-Champagne
55,Ti-Point-Marlborough-Sauvignon-Blanc-2014-12-Bottles
55,White-Wine
56,Ashton-Gate-SA-Shiraz-Cabernet-2014-12-Bottles
56,Cabernet-Shiraz
56,Red-Wine
57,Hero-Red-Mix-6-bottles-Decanter
57,Mixed-Case-%2B-Gift
57,Mixed-Red-and-White
57,Riesling
57,White-Wine
58,Mixed-Red
58,Mixed-Red-Party-Case-12-Bottles
60,Merlot
60,Red-Wine
60,Sauvignon-Blanc
60,Shiraz
60,White-Wine
61,5-Star-Halliday-Winery-Mega-Bundle-14-Bottles
61,Imported-Sparkling-Mix-12-Bottles
61,Mixed-Red
61,Mixed-Red-and-White
61,Mixed-Sparkling
62,Premium-Sparkling-varieties
62,Sparkling-and-Champagne
62,Veuve-Clicquot-Yellow-Label-NV-Champagne_4
63,Grant-Burge-Batch-14-Rose-2014-12-Bottles
63,Rose
64,Mixed-Red-and-White
66,Cabernet-Shiraz
66,Red-Wine
66,Shiraz
66,Shiraz-Cabernet-Sauvignon
67,5-Star-Halliday-Winery-Mega-Bundle-14-Bottles
67,Bloombury-Tale-Semillon-Sauvignon-Blanc-2015-12-Bottles
67,Mixed-Red
67,Mixed-White
67,Sauv-Blanc-and-White-Blends-Value-Mix-14-Bottles
67,Semillon-Sauvignon-Blanc
67,White-Wine
68,Everyones-Entertaining-Mixed-Dozen
68,Mixed-Case-and-Sparkling
68,Mixed-Red-and-White
68,Sparkling-and-Champagne
68,Sparkling-varieties
68,White-Wine
68,Yellowglen-Bella-Sparkling-2013-Gift-Pack-6-bottles
69,Sauvignon-Blanc
69,White-Wine
70,Australian-Summer-Variety-Dozen-12-bottles
71,Red-Wine
71,Sparkling-and-Champagne
71,White-Wine
72,Red-Wine
74,Cabernet-Sauvignon
74,Peter-Lehmann-Back-to-Back-Barossa-Shiraz-2013-Doz
74,Semillon-Sauvignon-Blanc
74,Shiraz
74,White-Wine
75,Red-Wine
76,Chardonnay-Pinot-Noir
76,Domaine-Chandon-Les-Trois-Rose-6-Bottles
76,Sparkling-and-Champagne
77,5-Star-Halliday-Winery-Mega-Bundle-14-Bottles
77,Mixed-Red
77,Mixed-Red-and-White
77,Red-Wine
77,Shiraz
78,Mixed-Red-and-White
78,Pinot-Noir
79,Mixed-Case-%2B-Gift
80,Red-Wine
81,Mixed-case-%2B-spirits
81,Mixed-Case-and-Sparkling
81,Mixed-Red
81,Mixed-Red-and-White
81,Mixed-Red-Party-Case-12-Bottles
81,The-Complete-Summer-Whites-Sparkling-Mix-13-Bottles
81,The-Mixed-Wine-Spirit-Dozen-for-Him-12-bottles
83,Mixed-Red-and-White
83,Shiraz
85,Red-Wine
86,Bird-In-Hand-Adelaide-Hills-Sauv-Blanc-2012-Dozen
86,Sauvignon-Blanc
86,White-Wine
87,Red-Wine
88,Halliday-Super-Stars-6-Bottles
88,Hero-Red-Mix-6-bottles-Decanter
88,Mixed-Case-%2B-Gift
88,Shiraz
89,Mega-Red-Mix-with-Johnnie-Walker-12-Bottles
89,Mixed-case-%2B-spirits
89,Mixed-Red-and-White
90,Red-Wine
91,Byron-Harold-Tandem-WA-Cabernet-Merlot-2013-12-Bottles
91,Cabernet-Merlot
91,Red-Wine
92,Grenache-Shiraz-Mataro
92,Mystery-McLaren-Vale-GSM-2013-12-Bottles
92,Red-Wine
93,Mixed-White
93,White-Wine
94,Red-Wine
94,Shiraz
95,Chardonnay
96,Mixed-Red-and-White
96,Sparkling-and-Champagne
97,Rose
97,Zontes-Footstep-Scarlet-Ladybird-Rose-2014-12-Bottles
98,Malindi-Vintners-Stranded-Dune-Shiraz-2013-12-Bottles
98,Red-Wine
98,Shiraz
99,Red-Wine
99,Shiraz
99,You-Me-And-The-Gatepost-Shiraz-2013-12-Bottles
100,Cabernet-Shiraz
101,Penfolds-Grange-2011-Vintage-Single-Bottle
101,Pinot-Gris-SLASH-Pinot-Grigio
101,Red-Wine
101,Sauvignon-Blanc-Pinot-Gris
101,Shiraz
102,Mystery-Fleurieu-Peninsula-Pinot-Noir-2013-6-Bottles
102,Pinot-Noir
103,Sauvignon-Blanc-Semillon
103,Semillon-Sauvignon-Blanc
103,Shiraz
103,White-Wine
103,White-Wine
104,Red-Wine
106,Mega-Red-Mix-with-Johnnie-Walker-12-Bottles
106,Mixed-case-%2B-spirits
108,Barking-Owl-WA-Cabernet-Sauvignon-2014-12-Bottles
108,Cabernet-Sauvignon
108,Shiraz
110,Mixed-Red-and-White
111,White-Wine
112,14-For-79-Shiraz-and-Mates-Mix-14-Bottles
112,Mixed-Red
112,Shiraz
112,Trident-SEA-Shiraz-2015-12-Bottles
114,Red-Wine
115,Shiraz
117,Malindi-Vintners-Stranded-Dune-Shiraz-2013-12-Bottles
117,Shiraz
118,/varieties/Shiraz-Cabernet/vintage/2014
118,Shiraz-Cabernet
120,Red-Wine
122,Red-Wine
122,White-Wine
123,/Secret-Coonawarra-Merlot-2013-12-Bottles
123,Merlot
123,Secret-Coonawarra-Merlot-2013-12-Bottles
124,Red-Wine
125,Red-Wine
